Label	ImageSource
Keys	Data\Keys\0236b139-c4b9-4624-a150-f57b19a345eb.JPG
Keys	Data\Keys\023ba0c9-5c5c-43ae-818d-d82bb0dda606.jpg
Keys	Data\Keys\023d5a0f-9db2-49a4-8a37-2df5d20d4af3.PNG
Keys	Data\Keys\023ea9bd-7cf8-4c19-90fb-10ff9b2d36b8.jpg
Keys	Data\Keys\0246b32a-d35f-4a1b-bb3f-caf654221c64.JPG
Keys	Data\Keys\0247a5c5-f6ca-4456-8ce9-4b962e441141.jpg
Keys	Data\Keys\025c63d2-4df3-4bd2-a67e-9f2229438e1f.jpg
Keys	Data\Keys\025dced6-409a-4cdd-85df-403e09786469.JPG
Keys	Data\Keys\027be1ce-59f0-4ea6-b1b9-4a547cf75b46.JPG
Keys	Data\Keys\0285f564-634a-45b9-9996-227857629254.jpg
Keys	Data\Keys\028fb3bc-6d80-4fc9-92ee-e07ec2b2cf10.jpeg
Keys	Data\Keys\028fe685-ff4b-412f-9d33-036c5705e1bc.JPG
Keys	Data\Keys\02971525-1793-4f58-bcc0-0e888e26342e.jpeg
LockCores	Data\LockCores\0236dc48-1ea6-4f91-8e2f-a7ae955705a4.jpeg
LockCores	Data\LockCores\0237d4bd-b1b0-4243-92e9-bb9e95484014.jpg
LockCores	Data\LockCores\023d09b4-bcf6-4feb-a25e-e9766a700681.jpg
LockCores	Data\LockCores\0243f204-27f9-478d-b9d2-aa5e1f586891.jpg
LockCores	Data\LockCores\024b9993-59dc-496d-aea1-514cae14f81a.jpg
LockCores	Data\LockCores\024bdd04-8c5e-4afe-9cfe-e95b3094b7c7.jpeg
LockCores	Data\LockCores\024d5d56-bb98-419c-8987-e04581045039.JPG
LockCores	Data\LockCores\025 Key Lock.88c9312f-a982-4b3e-95b6-944f32976543.jpg
LockCores	Data\LockCores\025 Key Lock.e01f364a-8c72-4137-8b22-de085b104b83.jpg
LockCores	Data\LockCores\02511f17-7acd-4b9c-9328-6678728c1a45.jpg
LockCores	Data\LockCores\0252cf8c-3d4d-4f00-bc75-da897afb902e.jpg
LockCores	Data\LockCores\02538292-231b-4a15-afb8-cac49e5a68a4.jpeg
LockCores	Data\LockCores\02565ef1-d904-4ab2-a53a-9a7fad8876f3.jpg
LockCores	Data\LockCores\025c6917-09fe-4cd4-a0c3-3bbfce1fcc5f.jpg
LockCores	Data\LockCores\02608b17-4727-4b7b-a940-120ea9cc7f43.jpg
LockCores	Data\LockCores\026213ca-d24e-49b5-a317-e7cc19e54d67.jpeg
LockCores	Data\LockCores\026ec8dd-e5eb-4a52-9c30-7712f5f73191.jpg
LockCores	Data\LockCores\0273543e-1627-495a-a7db-255d6d38534b.JPG
LockCores	Data\LockCores\028a42dc-0503-4c09-a69f-5729dbc60057.jpg
LockCores	Data\LockCores\028b35d9-1f61-4977-8924-a956b6ac994b.jpg
LockCores	Data\LockCores\0295add7-e961-43d4-a598-0340c627bac0.jpg
LockCores	Data\LockCores\0295bc73-e077-4d92-bbef-60bef46f8d52.jpg
LockCores	Data\LockCores\0298a412-982c-4a7f-acf0-1348f485db94.JPG
Others	Data\Others\023be53a-0080-4379-b6fd-6daa2f86fad9.jpg
Others	Data\Others\023c14b8-4dc0-4a20-9371-6f088d4b1ad4.jpg
Others	Data\Others\023da4f4-0f47-4e08-88e8-0cf0827f942f.JPG
Others	Data\Others\02521b1a-9710-4d66-8a01-238c7bca2a08.jpg
Others	Data\Others\0252ecbf-82e8-4a82-9eea-7ad7126bb279.jpg
Others	Data\Others\02580f5d-e9ce-45a2-9202-18d7e85c14d8.jpg
Others	Data\Others\027d444d-a82a-48bf-8d4f-578c6abf8ed2.jpg
Others	Data\Others\02a00957-8e0d-4e2d-90ab-fa080761be71.jpg
